{"epoch_list": [1, 2], "train_acc": [12.291666666666666, 35.208333333333336], "train_loss": [2.3635504298739964, 2.034118978182475], "val_acc": [15.277777777777779, 55.55555555555556], "val_loss": [2.2020833333333334, 1.5776041666666667], "best_acc": 55.55555555555556}